epoch,train_loss,train_MAE,train_RMSE,train_MAPE,train_R2,train_Acc5,train_Acc3,train_Acc2,val_loss,val_MAE,val_RMSE,val_MAPE,val_R2,val_Acc5,val_Acc3,val_Acc2,lr
1,109.39008,24.2673,30.232,47.1258,-4.9788,0.1361,0.0849,0.0575,88.57251,20.1034,31.6934,37.4396,-5.6783,0.1558,0.1017,0.0693,3.00e-04
2,57.37287,13.7854,17.2322,29.5546,-0.9425,0.2196,0.137,0.0881,64.47354,15.272,24.5357,29.0729,-3.0024,0.1775,0.1082,0.0563,3.00e-04
3,51.81867,12.6752,16.0069,27.6821,-0.6761,0.2315,0.132,0.0918,126.54328,27.5927,106.3467,51.2113,-74.1927,0.29,0.1926,0.1385,3.00e-04
4,47.10564,11.6938,14.9013,25.8064,-0.4525,0.2685,0.1584,0.1091,117.49617,25.846,90.2717,47.8149,-53.179,0.2468,0.1515,0.1061,3.00e-04
5,45.97437,11.4603,14.5922,25.6181,-0.3929,0.2804,0.1662,0.1151,72.40788,16.7242,55.9436,33.6356,-19.8079,0.3312,0.2035,0.1364,3.00e-04
6,46.57989,11.5756,14.7807,25.7415,-0.4291,0.274,0.1689,0.1187,117.25165,25.7358,99.9101,48.5977,-65.366,0.3009,0.2056,0.1255,3.00e-04
7,44.56887,11.1775,14.2383,25.0423,-0.3261,0.2735,0.1689,0.1146,59.83648,14.2364,30.9942,28.1628,-5.3869,0.2835,0.1732,0.119,3.00e-04
8,44.36199,11.1465,14.1354,24.927,-0.3071,0.2776,0.1589,0.1082,51.51814,12.5686,29.9355,26.1047,-4.958,0.2792,0.184,0.1126,3.00e-04
9,43.91562,11.0265,14.029,24.8866,-0.2875,0.2922,0.1817,0.1215,53.3625,12.8551,40.1337,27.9242,-9.7089,0.3831,0.2359,0.1558,3.00e-04
10,41.63316,10.5744,13.4476,23.5779,-0.183,0.3073,0.1749,0.1215,115.95605,25.4225,114.1533,49.2237,-85.6372,0.3355,0.2165,0.1623,3.00e-04
11,40.69168,10.3807,13.2883,23.3587,-0.1551,0.3146,0.1886,0.1233,117.92227,25.8765,104.6608,49.0341,-71.8274,0.3333,0.1818,0.1364,3.00e-04
12,39.30682,10.0961,12.8879,22.4538,-0.0865,0.3256,0.1977,0.1311,91.33463,20.4793,97.2991,41.7952,-61.9426,0.3701,0.2424,0.1429,3.00e-04
13,41.62929,10.5707,13.4358,23.5155,-0.1809,0.3027,0.1836,0.1224,85.82604,19.3934,85.8894,39.721,-48.0463,0.3571,0.2208,0.1558,3.00e-04
14,39.63464,10.1575,13.0494,22.9254,-0.1139,0.3169,0.1945,0.132,43.94208,10.9821,25.2747,24.8891,-3.2472,0.355,0.2013,0.1342,3.00e-04
15,40.06202,10.2378,13.1333,23.0058,-0.1283,0.3073,0.1982,0.1356,105.29918,23.3068,121.2482,44.3962,-96.7412,0.342,0.2121,0.1472,3.00e-04
16,38.93845,10.0333,12.7575,22.6833,-0.0647,0.3114,0.1904,0.1242,122.82848,26.7593,155.8389,50.4175,-160.4652,0.3701,0.2554,0.1797,3.00e-04
17,38.9014,10.017,12.7715,22.2284,-0.067,0.3247,0.1913,0.1205,74.021,17.0149,62.8551,34.1091,-25.2669,0.3788,0.2294,0.1472,3.00e-04
18,40.00683,10.2374,13.1553,23.3775,-0.1321,0.3068,0.1881,0.1274,67.6035,15.7542,61.4973,31.6906,-24.1443,0.3398,0.21,0.1385,3.00e-04
19,38.16102,9.8445,12.6191,22.0876,-0.0417,0.3329,0.2037,0.1397,42.38703,10.7041,23.8098,22.6261,-2.7691,0.3355,0.2143,0.1234,3.00e-04
20,38.24317,9.868,12.5136,21.9857,-0.0243,0.3142,0.2,0.1333,78.32505,17.9055,67.2447,35.1364,-29.0638,0.3723,0.2121,0.1407,3.00e-04
21,38.04235,9.8576,12.4268,21.8128,-0.0102,0.3073,0.1785,0.1215,49.29199,11.9957,32.6393,26.8116,-6.0829,0.3896,0.2468,0.1602,3.00e-04
22,38.28552,9.896,12.4994,22.0453,-0.022,0.3091,0.1927,0.1279,42.92323,10.7959,29.9531,22.5299,-4.965,0.3074,0.2013,0.1407,3.00e-04
23,37.1627,9.6735,12.2662,21.4864,0.0158,0.3237,0.1872,0.1242,65.41184,15.3681,62.0975,31.1146,-24.6375,0.3052,0.1818,0.1169,3.00e-04
24,35.72784,9.349,12.0721,20.9897,0.0467,0.3521,0.2128,0.1406,89.21501,20.0583,84.8769,39.236,-46.8968,0.3918,0.2338,0.1667,3.00e-04
25,36.35554,9.4852,12.1936,21.249,0.0274,0.337,0.2078,0.1388,109.80871,24.2589,124.9935,45.9636,-102.8729,0.3117,0.1861,0.1299,3.00e-04
26,36.35935,9.4716,12.1559,21.222,0.0334,0.3461,0.2132,0.1484,37.73665,9.6726,22.6101,21.3923,-2.3988,0.4026,0.2641,0.171,3.00e-04
27,35.28086,9.2699,11.8088,20.8344,0.0878,0.3352,0.2023,0.1361,46.66464,11.5949,25.5383,24.2816,-3.3362,0.329,0.1818,0.1104,3.00e-04
28,34.98965,9.1987,11.7621,20.1892,0.095,0.3493,0.2178,0.1475,62.38684,14.7124,44.0256,29.6117,-11.8866,0.3182,0.1926,0.1537,3.00e-04
29,35.7903,9.374,11.8595,20.5408,0.08,0.3242,0.1991,0.1361,32.51677,8.5556,14.7257,19.9682,-0.4417,0.4827,0.3182,0.1905,3.00e-04
30,34.96331,9.2044,11.7517,20.4132,0.0966,0.3479,0.2032,0.1301,52.84649,12.667,33.8798,26.6131,-6.6315,0.4199,0.2922,0.2013,3.00e-04
31,34.46983,9.0904,11.7874,20.4221,0.0911,0.3553,0.221,0.1489,113.66471,25.072,118.1712,46.2652,-91.8433,0.2792,0.1645,0.1147,3.00e-04
32,35.11744,9.2428,11.7677,20.4262,0.0941,0.3333,0.211,0.1365,130.62278,28.4206,137.6754,52.6354,-125.0201,0.3636,0.2208,0.132,3.00e-04
33,33.66034,8.9216,11.4318,19.7072,0.1451,0.3667,0.226,0.1511,34.00005,8.9226,23.5879,20.2122,-2.6992,0.4221,0.2641,0.1818,3.00e-04
34,33.93638,8.9893,11.3784,19.7418,0.1531,0.3521,0.2155,0.1425,61.99523,14.5944,71.2426,29.3034,-32.7448,0.3896,0.2316,0.1645,3.00e-04
35,32.11515,8.5969,11.1118,18.9358,0.1923,0.3763,0.232,0.1594,174.57419,37.1854,170.8532,66.2658,-193.0769,0.4134,0.2706,0.1667,3.00e-04
36,34.20039,9.0492,11.4166,19.6879,0.1474,0.337,0.21,0.1516,179.26646,38.0832,213.3397,69.5039,-301.6013,0.4177,0.2771,0.1905,1.50e-04
37,32.95856,8.7966,11.1097,19.2434,0.1926,0.3416,0.2123,0.1434,111.75292,24.6329,122.0485,46.6599,-98.0357,0.4026,0.2035,0.1277,1.50e-04
38,31.32278,8.449,10.8514,18.7139,0.2297,0.3648,0.2247,0.1493,66.62664,15.5122,66.0799,31.7939,-28.0313,0.4156,0.2554,0.1623,1.50e-04
39,31.89657,8.5624,10.9649,18.9962,0.2135,0.3662,0.2233,0.1548,104.71929,23.0899,127.2052,45.0132,-106.5814,0.4459,0.303,0.2143,1.50e-04
40,31.67899,8.5413,10.8771,18.4828,0.2261,0.3644,0.2146,0.1388,70.92918,16.275,69.9864,31.6592,-31.5653,0.4351,0.3009,0.2165,1.50e-04
41,31.16585,8.42,10.8972,18.6522,0.2232,0.3808,0.2274,0.1466,41.27049,10.3397,46.3824,23.5348,-13.3032,0.4416,0.2814,0.2035,1.50e-04
42,31.99366,8.5877,10.9459,19.1456,0.2162,0.3685,0.2174,0.1511,67.82588,15.7435,67.0219,30.691,-28.8649,0.4091,0.2468,0.1645,1.50e-04
43,30.93396,8.3819,10.6878,18.2267,0.2528,0.3744,0.2201,0.1484,41.94642,10.5216,31.2823,22.631,-5.5062,0.4329,0.2641,0.1818,7.50e-05
44,30.91,8.3595,10.7016,18.4846,0.2508,0.3772,0.2338,0.1584,44.0265,10.9558,43.6466,23.7845,-11.6657,0.4091,0.2554,0.1732,7.50e-05
45,29.20924,7.9865,10.3905,17.8347,0.2938,0.4091,0.2584,0.1689,108.0976,23.7684,126.5169,44.7628,-105.4203,0.4329,0.29,0.21,7.50e-05
46,30.82994,8.341,10.6744,18.1888,0.2546,0.3703,0.2342,0.1566,33.043,8.7699,15.868,18.9038,-0.6741,0.3831,0.2338,0.1645,7.50e-05
47,29.03983,7.977,10.2087,17.4486,0.3183,0.3945,0.2347,0.1594,27.60095,7.5444,11.6948,17.8168,0.0907,0.4805,0.3182,0.2403,7.50e-05
48,29.50752,8.0748,10.3687,17.783,0.2967,0.3845,0.2324,0.1584,98.71634,21.9305,103.3348,42.0047,-69.9939,0.4048,0.2619,0.1753,7.50e-05
49,29.64234,8.0823,10.4569,17.8251,0.2847,0.3968,0.2548,0.1699,57.29174,13.6401,54.432,27.3561,-18.6986,0.4048,0.2468,0.1732,7.50e-05
50,29.5096,8.047,10.4307,17.7668,0.2883,0.4046,0.2589,0.1676,42.95951,10.7342,28.9084,22.3982,-4.5562,0.4156,0.2641,0.1775,7.50e-05
51,29.17698,7.9998,10.2663,17.7575,0.3105,0.3982,0.242,0.1676,35.63256,9.2708,27.1018,20.1374,-3.8834,0.3983,0.2835,0.1688,7.50e-05
52,28.57115,7.8352,10.1267,17.2207,0.3292,0.4142,0.2676,0.1849,38.93636,9.9403,35.7005,21.8053,-7.4738,0.4242,0.2641,0.1558,7.50e-05
53,28.88575,7.9357,10.2697,17.4517,0.3101,0.4073,0.2461,0.1648,133.01918,28.8398,145.9747,53.6854,-140.6714,0.4307,0.2554,0.1688,7.50e-05
54,28.98203,7.9366,10.2617,17.5815,0.3112,0.3945,0.2584,0.1763,51.48751,12.4457,47.0834,25.8703,-13.7388,0.4004,0.2662,0.184,3.75e-05
55,29.05684,7.9623,10.3062,17.6697,0.3052,0.3995,0.2511,0.1639,61.8084,14.5708,90.1243,29.9732,-53.0022,0.4113,0.2381,0.1537,3.75e-05
56,29.99125,8.1571,10.5334,18.0351,0.2742,0.39,0.242,0.1676,30.97477,8.2751,15.7821,18.5671,-0.656,0.4784,0.2987,0.2035,3.75e-05
57,29.25152,8.0044,10.2021,17.6781,0.3191,0.3886,0.2511,0.168,66.12048,15.3983,63.9513,31.2176,-26.191,0.4329,0.2597,0.1775,3.75e-05
58,28.21273,7.7842,10.0813,17.1931,0.3352,0.4169,0.2539,0.1671,63.8456,14.9305,71.697,29.4145,-33.1766,0.4437,0.2532,0.1753,3.75e-05
59,28.17272,7.7732,10.0378,17.1346,0.3409,0.4041,0.2562,0.1753,66.89385,15.5994,62.4182,30.4465,-24.903,0.3853,0.2511,0.1537,3.75e-05
60,27.71854,7.68,9.9528,16.948,0.352,0.4119,0.2589,0.1744,93.7152,20.964,120.8912,40.2323,-96.1666,0.4177,0.2511,0.1515,3.75e-05
